exp_id,passed,detected_ids,tag0_pos_err_m,tag0_rot_err_deg,tag4_pos_err_m,tag4_rot_err_deg,rel_trans_err_m,rel_dist_err_m,rel_rot_err_deg
001,True,"0,4",0.010672080581706848,0.15354088330749785,0.016704462791007752,0.7107145335645839,0.007394617234599508,0.007060177888193631,0.7037676333485268
002,True,"0,4",0.010370283001392772,0.14481216805016006,0.01705884216238151,3.529714758730179,0.007608376106057798,0.006598267481489284,3.3879208199882287
003,True,"0,4",0.007569689421519153,0.23980155556157357,0.01791922400108522,0.2744387650744562,0.011335093426395815,0.010162928692356299,0.36144912389153994
004,True,"0,4",0.010210021458922244,0.07147159981643468,0.01416368279802315,0.7528287656026907,0.0058215059281635315,0.00528284299296794,0.725459950992853
005,True,"0,4",0.008349723527205501,0.042953536121708796,0.017615964000810756,0.43488480986878614,0.009815210251539785,0.009024757131708028,0.4405663922200675
006,True,"0,4",0.009928334276669512,0.4942629031244427,0.01347413531551125,0.18419949710947991,0.00634295921841057,0.004841389074589586,0.6013817795347872
007,True,"0,4",0.008744675097833029,0.08551694230593176,0.01569431045103151,0.7357924421445012,0.0085302178355249,0.007917963279877982,0.6639972793583283
008,True,"0,4",0.008731928854026742,0.2968186341151779,0.01618600143401883,0.33210122911558704,0.009461268412819612,0.00775218877294509,0.6130422210540825
009,True,"0,4",0.009831501595551875,0.18627829559173747,0.01726094700582067,0.19709080852917613,0.007762706592620954,0.00700533219354893,0.34716821641178214
010,True,"0,4",0.009698920509019472,0.15372783225102893,0.012700114408179471,0.6658266774297277,0.004114982186540219,0.004100011667797887,0.756565663664801
011,True,"0,4",0.008776546870671049,0.19010366842309545,0.015564979310504677,0.17536920142753376,0.008010726672452855,0.007260751821015876,0.30442421124087676
012,True,"0,4",0.007620150717705573,0.549776835550394,0.01699116608373007,0.1313673877753974,0.009844715063485035,0.009622224708330074,0.6124458820554218
013,True,"0,4",0.008171602176314465,0.9823678946406524,0.01245132510579889,0.36337564193185884,0.007228618181440026,0.005363877135095119,1.051463726257776
014,False,"0,4",0.009233610379793292,0.32317378746989256,0.015019271299403489,27.564006395867278,0.007305831039218786,0.006526866829778544,27.28556511215563
015,True,"0,4",0.009957103319942893,0.09858190616101753,0.016828226364183713,0.4908128153199812,0.0077919464820140815,0.007270013510216833,0.5251471065618508
016,True,"0,4",0.008370231480816748,1.3267554997949766,0.01572047138358492,0.2689747562899884,0.007725448916445419,0.00661189255249145,1.5266298453070808
017,True,"0,4",0.008143392416971278,0.11688700443126569,0.017476205058914524,0.1098730172761791,0.010354383495439913,0.009214614331963078,0.0917988292175526
018,True,"0,4",0.00866819527674108,0.15571494447209763,0.014784530836455553,0.2324349861031035,0.00740798714467612,0.006628012452178533,0.20728615874302403
019,True,"0,4",0.008155971377878359,0.11749788922379464,0.01702151225147032,0.14956982623625553,0.009744953690473313,0.009181267555238681,0.22830671153194632
020,True,"0,4",0.007584735809831004,0.09632328990363584,0.013994284084481487,0.5141358068326956,0.006982081560236897,0.006573721338937799,0.4362133813480869
021,True,"0,4",0.010483417793742445,0.08212133474606582,0.02133884796716884,1.2973772723708437,0.01223076005845222,0.010951128012696931,1.3632800477008515
022,True,"0,4",0.010186516881227863,0.130383585103992,0.015380823752386193,0.8858562352903222,0.006964417850248209,0.006649024256833336,0.8429088472235322
023,True,"0,4",0.008630839321331503,0.3220188026576054,0.01764503923980729,0.2654199742903615,0.01021069790181585,0.00859560517470015,0.43284231483214275
024,True,"0,4",0.007448455934831582,0.15118603001153527,0.01575337374777098,0.6262084866687543,0.008999985803586767,0.008287293004328955,0.5764338930169433
025,True,"0,4",0.008565003961275143,0.10421022457668495,0.016051269416448452,0.24655625888398805,0.00842016403905975,0.0076514002884015,0.29378051498601404
026,True,"0,4",0.009510582991607232,0.07169590981929007,0.008775963700850101,0.45545127976687577,0.0024198006239589424,0.0015075176849395633,0.5239347778107974
027,True,"0,4",0.0070558233545127795,0.1920337410311552,0.017893310699151517,1.1625566341250935,0.010939836735973244,0.010483125356164857,1.3363943187810512
028,True,"0,4",0.006879214692837328,1.1321831125323576,0.015282509699321992,0.20573194895544805,0.009284749058924444,0.008249118366380037,0.943045991063175
029,True,"0,4",0.009391320483617996,0.37056019590908507,0.01649707798917232,0.20493780947692575,0.007217513898594615,0.00660107057537257,0.5148409629029813
030,True,"0,4",0.009558316815528588,0.22204930080112983,0.01858209456918332,0.5138608650815344,0.009810424021972608,0.0089343126101612,0.30308248071145194
