exp_id,tag0_x,tag0_y,tag0_z,tag0_rx,tag0_ry,tag0_rz,tag4_x,tag4_y,tag4_z,tag4_rx,tag4_ry,tag4_rz
001,0.0066,0.1213,0.7257,-0.1604,-0.3608,-0.2469,0.1799,-0.0313,0.9401,-0.0225,-0.3974,-0.0274
002,-0.1671,0.1493,0.8948,-0.0272,-0.2045,-0.1701,0.0474,-0.226,1.3097,0.2401,-0.2757,-0.3487
003,-0.0873,-0.0315,0.7549,0.2011,-0.1046,0.209,0.2337,0.059,1.48,0.2231,0.1631,0.2383
004,0.0395,0.0773,1.0612,-0.0965,-0.4955,-0.1885,0.3357,-0.0265,1.2939,-0.0504,-0.3525,-0.4017
005,0.0069,0.1649,0.9084,-0.3307,0.2223,0.1196,0.1983,-0.0363,1.2844,0.0767,0.6129,0.1157
006,-0.1845,0.0606,0.8584,-0.1974,0.2289,0.1149,0.0872,0.0354,1.4996,0.0464,0.5289,0.3158
007,-0.2598,-0.0715,0.7716,0.2783,-0.4526,0.2803,0.0979,0.0332,1.0199,0.3937,-0.4842,0.4661
008,-0.1199,-0.0359,0.8924,0.3136,0.1176,-0.1022,0.339,-0.0523,1.4289,0.6284,-0.2941,-0.2176
009,-0.2095,-0.0382,0.8876,-0.053,-0.3616,-0.2376,0.1865,-0.2327,1.5379,0.177,-0.1608,-0.0164
010,-0.2208,0.0476,0.8014,0.4255,0.5971,-0.1869,0.2004,0.096,1.1001,0.5411,0.1859,-0.233
011,-0.1145,0.1712,0.7752,-0.4458,0.428,-0.2677,0.2803,-0.0081,0.9577,-0.2298,0.7801,-0.432
012,-0.223,0.1045,0.7403,-0.3952,0.5085,-0.2607,0.0201,-0.0547,1.0596,-0.5248,0.0898,-0.3698
013,-0.2318,0.0023,1.1277,0.0236,-0.5365,-0.1877,0.172,0.035,1.581,-0.1176,-0.3394,-0.04
014,-0.2864,0.1637,0.7268,-0.2028,0.1365,0.0224,0.1253,-0.2224,1.2044,-0.4693,0.3379,0.1903
015,-0.2454,0.0199,0.7328,0.0825,0.0023,-0.0875,0.2114,-0.2346,1.3467,0.1023,0.1804,-0.0178
016,-0.2164,0.0576,0.9085,-0.3252,-0.5417,-0.0083,0.2638,-0.1419,1.0028,-0.4997,-0.9398,0.1188
017,-0.1807,-0.0818,0.989,-0.4209,-0.5451,-0.0173,0.0114,0.042,1.6237,-0.3003,-0.9664,0.113
018,-0.219,-0.1788,1.0141,-0.5741,-0.1974,-0.2544,0.1464,0.011,1.5165,-0.9167,0.063,-0.1671
019,-0.1772,0.0556,0.9891,0.3936,-0.064,0.059,0.2476,0.0291,0.9975,0.777,-0.1425,0.0579
020,0.0594,-0.0312,0.8694,0.442,0.3035,-0.2352,0.1548,0.0583,1.0446,0.3493,0.1138,-0.1435
021,-0.0748,0.0209,1.0093,0.2592,-0.2313,0.1144,0.0252,-0.1833,1.4017,0.5887,-0.3563,0.2811
022,0.0049,-0.0001,0.9741,0.485,-0.4977,0.0473,0.3018,-0.2257,1.456,0.8709,-0.3343,0.1747
023,-0.2959,-0.1265,1.0473,0.3049,0.4125,0.023,0.0389,-0.2398,1.4106,0.5901,0.8008,-0.1806
024,-0.0749,0.0517,0.7042,-0.3514,-0.3462,0.1107,0.1939,-0.078,1.3075,-0.3087,-0.169,0.0429
025,-0.1953,0.104,1.0357,-0.0777,0.5941,0.0361,0.0482,0.0168,1.1424,-0.3444,0.9953,-0.1707
026,-0.2003,-0.159,0.8059,0.1185,-0.1285,-0.0132,0.0205,-0.2103,1.4815,0.2293,-0.5091,0.0992
027,-0.1698,-0.0004,0.8793,-0.4556,0.1316,0.2102,0.2457,0.0199,1.2327,-0.8732,0.0136,0.3578
028,-0.2552,-0.0345,0.7849,-0.595,0.4423,-0.1716,0.0492,0.0844,1.5772,-0.4093,0.767,-0.2285
029,-0.2812,0.1512,0.9951,-0.3539,0.0249,-0.0086,0.3395,-0.2381,1.1718,-0.7636,0.4572,-0.1636
030,-0.2501,-0.0549,0.8314,0.228,-0.0803,0.2806,0.2707,-0.1252,1.4501,-0.1346,0.1392,0.2918
031,-0.1964,0.1422,0.83,0.3277,0.5174,-0.1034,0.124,-0.2327,1.5185,0.223,0.8944,-0.2827
032,-0.2114,-0.0597,0.8222,-0.2468,-0.0957,-0.2566,0.3187,-0.1616,1.3962,-0.6629,-0.3943,-0.3194
033,-0.1884,0.0986,0.8255,0.0157,0.233,0.2212,0.1497,0.0224,1.2522,0.2685,0.0468,0.195
034,-0.0401,0.0658,0.77,0.2421,0.134,-0.1281,0.0356,-0.2162,1.1559,0.1326,0.2049,-0.1421
035,-0.0519,-0.1011,1.0541,-0.5815,0.0034,-0.0962,0.2904,-0.1523,1.467,-0.9414,0.3102,-0.2912
036,-0.2819,0.0194,0.9706,-0.0403,0.2877,-0.2306,0.0194,-0.034,1.0836,-0.4849,0.342,-0.2065
037,-0.0552,0.1034,0.9217,0.5009,0.0925,-0.0724,0.2885,0.05,1.6765,0.454,0.0181,-0.084
038,-0.2133,0.0018,1.0819,-0.5805,0.2086,-0.2046,0.1637,0.0532,1.0875,-0.6872,-0.0798,-0.4186
039,-0.0399,-0.1228,1.105,-0.4815,0.3473,-0.1166,0.1758,-0.2352,1.2835,-0.7563,0.0165,-0.3033
040,-0.0269,0.1171,0.8717,-0.2688,0.0682,0.2554,0.1775,-0.1192,1.5695,-0.1919,0.474,0.3344
041,-0.0631,-0.137,0.7993,0.4012,0.1273,0.0429,0.2275,-0.0666,1.3934,0.1925,0.0318,-0.0713
042,0.0122,-0.0522,0.8193,-0.5201,-0.1306,0.2965,-0.0101,-0.2319,1.2017,-0.5494,0.1224,0.201
043,-0.1809,0.048,0.806,0.4859,-0.3407,-0.0493,0.1987,-0.0493,1.5542,0.8267,0.0691,0.0667
044,0.0121,-0.0935,1.051,-0.1076,-0.1012,-0.0833,0.1635,0.0915,1.0465,0.2482,0.2654,-0.2218
045,-0.0529,0.0348,1.1667,-0.4955,0.4261,-0.1199,0.2624,0.0831,1.4968,-0.7014,0.3379,-0.2065
046,-0.2755,-0.1725,0.7592,-0.4625,-0.5467,-0.2743,0.1662,-0.2142,1.3195,-0.6653,-0.6555,-0.3901
047,-0.0281,0.0991,0.7059,0.502,0.3492,-0.04,0.1725,-0.0041,1.6639,0.7304,-0.0105,0.1538
048,-0.1979,-0.0897,0.8386,0.3072,-0.3046,0.2572,0.0789,0.0025,1.1394,0.6114,-0.3628,0.2544
049,-0.1958,0.0552,0.8073,-0.3922,-0.3841,-0.2816,0.0975,0.0249,1.1645,-0.1569,-0.1703,-0.2938
050,-0.1408,0.1303,0.9822,-0.0365,-0.5064,0.2249,0.0993,-0.2385,1.0068,-0.1858,-0.4693,0.1651
051,-0.237,0.0588,1.0706,-0.227,-0.1235,-0.2474,0.0265,-0.2056,1.4766,-0.6503,0.0248,-0.4178
052,-0.0381,0.0859,0.7635,0.5949,0.4898,0.1059,0.3228,-0.0009,1.5804,0.8086,0.894,0.0812
053,0.02,-0.1494,0.8904,0.5484,-0.5441,0.06,0.2074,-0.2288,1.1661,0.5712,-0.9426,0.2227
054,-0.0286,-0.1734,0.8916,-0.4712,-0.1023,-0.0531,0.1991,0.0648,1.5744,-0.4915,-0.2081,-0.1986
055,-0.2963,0.0343,0.7352,-0.2984,-0.5673,0.2298,0.3056,0.0909,0.9418,0.0442,-0.339,0.3862
056,-0.1403,0.1021,0.9689,0.452,-0.1576,0.0985,0.1815,0.0187,1.1374,0.424,-0.2871,0.2114
057,-0.1046,0.1177,1.0262,-0.2899,-0.1367,-0.078,0.2529,-0.0394,1.5349,0.0928,-0.3691,-0.2195
058,-0.2176,-0.0827,0.9748,0.3262,-0.5774,0.2544,0.0041,-0.2054,1.6361,0.595,-0.4504,0.1189
059,-0.0856,0.0325,0.995,0.1724,-0.4506,-0.1146,0.1419,-0.0612,1.4935,0.0341,-0.2128,-0.1958
060,-0.2187,-0.1122,0.7922,-0.2174,-0.0968,0.22,0.3098,-0.2378,0.981,-0.0529,-0.3585,0.18
