exp_id,passed,detected_ids,tag0_pos_err_m,tag0_rot_err_deg,tag4_pos_err_m,tag4_rot_err_deg,rel_trans_err_m,rel_dist_err_m,rel_rot_err_deg,detect_ms
001,True,"0,4",0.0072897698303517324,0.15316510686573517,0.012618786643582718,1.466689201866737,0.005760222605986047,0.005654864594186293,1.3904924616736318,7.25
002,True,"0,4",0.010417481897549926,0.2718960697212365,0.015268541119226427,0.8626648115864212,0.007445270468888444,0.006954837621094168,0.6432766517432303,12.55
003,False,"0,4",0.008113437748641431,0.2751410527027657,0.013807103715836565,48.32374850352783,0.007298383731725719,0.006359361004738995,48.36507446185453,6.12
004,True,"0,4",0.014520674571660777,0.14388774973003873,0.01516089829584346,0.9084978321989172,0.0032995998685434245,0.0030273627041526585,0.7673619611273215,6.08
005,True,"0,4",0.010528324553820542,0.2665166970401331,0.014830811869218056,0.7278971390501177,0.005813313954480067,0.005456412522326259,0.9350328254343643,6.22
006,True,"0,4",0.009771235438466095,0.3153543608077141,0.00882759284675992,0.6268669546550726,0.00342056905411859,0.0005381479611900053,0.42139383344188336,5.97
007,True,"0,4",0.008276649133972412,0.2072087917693707,0.013928546362030399,0.26802082688938966,0.008054006513029304,0.006888820444309718,0.20945233972446056,7.14
008,True,"0,4",0.01041091729649919,0.32083673445457955,0.015173319736642701,1.1860694880887028,0.007237256894899692,0.006665948856332871,1.2101570268723696,6.56
009,False,"0,4",0.010275161323477276,0.17654115623817862,0.0005206538015394587,6.0473414268426975,0.009151026656185224,0.007156984116623799,5.896566168034666,6.24
010,True,"0,4",0.01066145306393181,0.3266337574524221,0.01697299633316427,0.3869583106084163,0.00976507679112484,0.008595059917905878,0.5338526296826374,6.91
011,False,0,0.007993798220489009,0.1493833369298021,,,,,,5.9
012,True,"0,4",0.00770242335324001,0.1633831652234953,0.012426982896147047,0.22704795112711082,0.005831662995745749,0.005781923863974692,0.15011979944384282,8.37
013,True,"0,4",0.015421724501818659,0.16911099176789696,0.015355635956165637,2.0052597039891493,0.0041515931055600115,0.0035634853611647976,2.1084678283704603,7.29
014,True,"0,4",0.007864972129422772,0.20137635405873172,0.009308878312706492,0.272649375820055,0.0055767733543864405,0.005220331219352725,0.3993336414949511,6.69
015,True,"0,4",0.007849604132557496,0.07420247151588714,0.016037150323454714,0.5415484488751652,0.01012383950107476,0.010024359645835812,0.5638062509635763,6.19
016,True,"0,4",0.011495457462405727,0.18376883522684195,0.012109103692586203,0.15239220014366836,0.006362360386948363,0.006349878748873161,0.27278524007720767,8.38
017,False,0,0.012211920117679912,0.25516368454120525,,,,,,5.28
018,False,0,0.01537232826988146,0.18952292496981205,,,,,,5.51
019,True,"0,4",0.013152358577191584,0.3233896457532846,0.013887597742014863,0.27282712179519575,0.005809406469094549,0.005688786494331133,0.5301350438892918,5.78
020,True,"0,4",0.010176994650463497,0.08195574414427838,0.01845175699941476,0.6375538381288542,0.008370304327754232,0.007981089304860967,0.7163484023977986,6.27
021,True,"0,4",0.012503586536189996,0.17035837346527233,0.011072588950676041,0.3502863859270779,0.001424013457781024,0.00024074946874275138,0.41486917931887807,6.76
022,True,"0,4",0.015077245127782158,0.27991277400684533,0.011459751788767085,0.9481234622236488,0.007692334230588695,0.0013732472269573082,1.0444945253249038,6.79
023,False,0,0.016452977756729787,1.7334284382076275,,,,,,5.81
024,True,"0,4",0.007685549562495792,0.24291611209188266,0.014774230071471644,0.12027309614187955,0.008290696526063845,0.007743862175522032,0.25376259474531915,6.66
025,False,0,0.014755497543203292,0.37706255630672886,,,,,,5.8
026,True,"0,4",0.00773823555373463,0.5417979441764914,0.008246851541322679,0.6129155380300491,0.00548519535335127,0.001462122187275372,0.45323122854782744,6.54
027,True,"0,4",0.010883665656190835,0.06956627735944607,0.014846794254560697,0.5237345804968415,0.006534299322492996,0.006498375679152124,0.5770461536304065,7.05
028,False,0,0.008995909593462265,0.13218654130336452,,,,,,5.72
029,False,"0,4",0.012405064218395233,0.5052798211529167,0.019347370574727806,135.08536539251,0.014365273159255187,0.011406440933726558,134.64758914463044,5.96
030,True,"0,4",0.009822730337221999,0.10444823615091083,0.006552173753120622,1.2108226965269993,0.0052825517909517875,0.0005213503110299555,1.1173212145214007,5.79
031,False,0,0.00948048976704535,0.18043297956422807,,,,,,5.02
032,True,"0,4",0.009736905439626124,0.12685631109404377,0.01575904728606708,1.0187835077415632,0.008625939773689405,0.008434710007526824,0.9116872669600776,5.73
033,True,"0,4",0.009015705600488123,0.1655296181430629,0.017484034698948672,0.6625953776048872,0.010054986611949784,0.009404640308490975,0.762754772238476,5.85
034,True,"0,4",0.007767561211518809,0.127255052547856,0.017343489083429888,0.40557825707423856,0.010414120968008821,0.00980702763178326,0.34981619953725773,6.32
035,False,0,0.013537593816842277,0.21511216531984015,,,,,,5.73
036,True,"0,4",0.012671719621263434,0.4340790511091769,0.01321594190366308,0.2378723100810464,0.004091714238966767,0.0040747529670351335,0.27271099903091645,6.08
037,False,"0,4",0.011128783819500322,0.2800354350535378,0.009096129659639574,56.49460956467358,0.006031898928157648,0.0008095408014958672,56.751262244803776,6.71
038,True,"0,4",0.014886341199511034,0.19067097015027523,0.015796751210396892,0.3920634181607832,0.005548286925663015,0.005352301063778597,0.5706949735294781,6.69
039,False,0,0.01533007757879139,0.2270678638877135,,,,,,6.4
040,False,"0,4",0.008429633355786158,0.9576664042580832,0.006083926499567335,72.881747826044,0.014946887183891817,0.0015240876041577867,73.73982973479097,6.57
041,False,"0,4",0.006936491442952594,0.5592397575748905,0.019093404666770262,25.42924899812618,0.01314984191742319,0.012270144946466943,25.867057267969805,9.8
042,True,"0,4",0.009175682820503616,0.0359920106169886,0.013646180891109918,0.4666441626793792,0.004693464422501509,0.0046816787598443765,0.49602583793186955,10.08
043,False,"0,4",0.011343321254237222,0.10736489205434331,0.4913913097638978,27.52638794618974,0.4804708098497774,0.4630002206865367,27.44506943927692,6.44
044,True,"0,4",0.01381826570931104,0.25703619716671133,0.016021267856035082,0.12837741813216025,0.004481738190374787,0.003573290685288888,0.14650446406110845,7.83
045,False,"0,4",0.019956469665147025,0.1369550418610724,0.17320600826754928,88.56337241891576,0.15419861098890306,0.13626577924572253,88.42743592344067,8.42
046,True,"0,4",0.0110053341246247,0.2059836992989717,0.0042140063083794645,0.7371901561416542,0.013214112041565505,0.009120135924633344,0.5881977399834327,9.38
047,True,"0,4",0.008035933489484262,0.17613289241411545,0.0102573201703746,1.731823740265061,0.003200600578834683,0.0025927512961679833,1.5811191677018666,24.34
048,True,"0,4",0.009560446380291972,0.22436613536955508,0.01628984016987443,0.421739454905143,0.0083543237444323,0.00754448859520962,0.2999589268399322,7.52
049,True,"0,4",0.00930115978144065,0.12883359056910615,0.018446897183882392,1.1349640168364847,0.010362197568806665,0.009634616137358387,1.0903808216174733,6.42
050,True,"0,4",0.013363702977151427,0.25049280709815663,0.015834659138345013,0.18328293008501598,0.006678348599977806,0.006471020141623984,0.29899662206289923,6.54
051,False,0,0.014480080597404993,0.12873803806262635,,,,,,6.09
052,False,0,0.009149903350194234,0.07151753409042824,,,,,,5.57
053,True,"0,4",0.011632483114130943,0.17288186116815515,0.013702281097872105,0.21737753793948347,0.0029506724617467174,0.002844355803002574,0.3568459982450616,6.74
054,True,"0,4",0.010709072142382774,0.23788220972757207,0.009883241907703861,0.9604184706200398,0.0017314234795702392,0.000712014700333996,1.164050278615023,6.2
055,True,"0,4",0.008760445697954374,0.18077165239867599,0.015848972281638767,0.46833112240092634,0.01141333401053933,0.01000976079594651,0.5622574374951808,8.16
056,True,"0,4",0.014106863408595847,0.30397281334862114,0.01575050380457314,0.6118538584598826,0.005372991578640931,0.00494889831054679,0.8697718634125943,7.54
057,True,"0,4",0.014965753898414664,0.22319204675656545,0.006309058228985707,2.225465562379211,0.010131022930020585,0.004871683611405886,2.3794947711289685,5.75
058,False,0,0.011652035277975122,0.37841649471698197,,,,,,6.33
059,True,"0,4",0.013684902490573948,0.23681288152576413,0.006807198583019376,2.656047024625401,0.007194960783815432,0.005239087737951675,2.6961357997513655,6.97
060,True,"0,4",0.009089347781532236,0.14784441608663512,0.01645202223932121,0.8188018230853438,0.009711960023309965,0.009338149912041405,0.9275703180825371,7.12
